[
  {
    "model": "shipping.shippingmethod",
    "pk": 1,
    "fields": {
      "name": "Standard Delivery",
      "method_type": "standard",
      "description": "Standard delivery (3-5 business days)",
      "is_active": true,
      "min_delivery_time": 3,
      "max_delivery_time": 5,
      "handling_time": 1,
      "requires_signature": false,
      "includes_tracking": true,
      "international_shipping": false,
      "created_at": "2023-01-01T00:00:00Z",
      "updated_at": "2023-01-01T00:00:00Z"
    }
  },
  {
    "model": "shipping.shippingmethod",
    "pk": 2,
    "fields": {
      "name": "Express Delivery",
      "method_type": "express",
      "description": "Express delivery within Dhaka city (1-2 business days)",
      "is_active": true,
      "min_delivery_time": 1,
      "max_delivery_time": 2,
      "handling_time": 0,
      "requires_signature": true,
      "includes_tracking": true,
      "international_shipping": false,
      "created_at": "2023-01-01T00:00:00Z",
      "updated_at": "2023-01-01T00:00:00Z"
    }
  },
  {
    "model": "shipping.shippingmethod",
    "pk": 3,
    "fields": {
      "name": "Same Day Delivery",
      "method_type": "same_day",
      "description": "Get your order on the same day (Dhaka city only)",
      "is_active": true,
      "min_delivery_time": 0,
      "max_delivery_time": 1,
      "handling_time": 0,
      "requires_signature": true,
      "includes_tracking": true,
      "international_shipping": false,
      "created_at": "2023-01-01T00:00:00Z",
      "updated_at": "2023-01-01T00:00:00Z"
    }
  },
  {
    "model": "shipping.shippingzone",
    "pk": 1,
    "fields": {
      "name": "Dhaka Zone",
      "description": "Shipping zone for Dhaka city and surrounding areas",
      "is_active": true,
      "countries": ["BD"],
      "states": [],
      "cities": ["dhaka", "Dhaka", "DHAKA"],
      "postal_codes": ["1000", "1100", "1200", "1205", "1206", "1207", "1208", "1209", "1210", "1211", "1212", "1213", "1214", "1215", "1216", "1217", "1229", "1230", "1231", "1232", "1233", "1234", "1235", "1236", "1237", "1238"],
      "created_at": "2023-01-01T00:00:00Z",
      "updated_at": "2023-01-01T00:00:00Z"
    }
  },
  {
    "model": "shipping.shippingzone",
    "pk": 2,
    "fields": {
      "name": "Chittagong Zone",
      "description": "Shipping zone for Chittagong city and surrounding areas",
      "is_active": true,
      "countries": ["BD"],
      "states": [],
      "cities": ["chittagong", "Chittagong"],
      "postal_codes": ["4000", "4100", "4200", "4201", "4202", "4203", "4204", "4205", "4206", "4207", "4208", "4209", "4210", "4211", "4212"],
      "created_at": "2023-01-01T00:00:00Z",
      "updated_at": "2023-01-01T00:00:00Z"
    }
  },
  {
    "model": "shipping.shippingzone",
    "pk": 3,
    "fields": {
      "name": "Sylhet Zone",
      "description": "Shipping zone for Sylhet city and surrounding areas",
      "is_active": true,
      "countries": ["BD"],
      "states": [],
      "cities": ["sylhet", "Sylhet"],
      "postal_codes": ["3100", "3101", "3102", "3103", "3104", "3105", "3106", "3107", "3108", "3109", "3110", "3111", "3112"],
      "created_at": "2023-01-01T00:00:00Z",
      "updated_at": "2023-01-01T00:00:00Z"
    }
  },
  {
    "model": "shipping.shippingzone",
    "pk": 4,
    "fields": {
      "name": "Other Cities Zone",
      "description": "Shipping zone for other major cities in Bangladesh",
      "is_active": true,
      "countries": ["BD"],
      "states": [],
      "cities": ["rajshahi", "Rajshahi", "khulna", "Khulna", "barisal", "Barisal", "rangpur", "Rangpur", "mymensingh", "Mymensingh", "comilla", "Comilla", "narayanganj", "Narayanganj"],
      "postal_codes": [],
      "created_at": "2023-01-01T00:00:00Z",
      "updated_at": "2023-01-01T00:00:00Z"
    }
  },
  {
    "model": "shipping.shippingrate",
    "pk": 1,
    "fields": {
      "zone": 1,
      "method": 1,
      "rate_type": "flat",
      "is_active": true,
      "base_rate": "120.00",
      "per_kg_rate": "0.00",
      "per_item_rate": "0.00",
      "free_shipping_threshold": "2000.00",
      "conditions": {},
      "created_at": "2023-01-01T00:00:00Z",
      "updated_at": "2023-01-01T00:00:00Z"
    }
  },
  {
    "model": "shipping.shippingrate",
    "pk": 2,
    "fields": {
      "zone": 1,
      "method": 2,
      "rate_type": "flat",
      "is_active": true,
      "base_rate": "200.00",
      "per_kg_rate": "0.00",
      "per_item_rate": "0.00",
      "free_shipping_threshold": "5000.00",
      "conditions": {},
      "created_at": "2023-01-01T00:00:00Z",
      "updated_at": "2023-01-01T00:00:00Z"
    }
  },
  {
    "model": "shipping.shippingrate",
    "pk": 3,
    "fields": {
      "zone": 1,
      "method": 3,
      "rate_type": "flat",
      "is_active": true,
      "base_rate": "350.00",
      "per_kg_rate": "0.00",
      "per_item_rate": "0.00",
      "free_shipping_threshold": "8000.00",
      "conditions": {},
      "created_at": "2023-01-01T00:00:00Z",
      "updated_at": "2023-01-01T00:00:00Z"
    }
  },
  {
    "model": "shipping.shippingrate",
    "pk": 4,
    "fields": {
      "zone": 2,
      "method": 1,
      "rate_type": "flat",
      "is_active": true,
      "base_rate": "150.00",
      "per_kg_rate": "0.00",
      "per_item_rate": "0.00",
      "free_shipping_threshold": "3000.00",
      "conditions": {},
      "created_at": "2023-01-01T00:00:00Z",
      "updated_at": "2023-01-01T00:00:00Z"
    }
  },
  {
    "model": "shipping.shippingrate",
    "pk": 5,
    "fields": {
      "zone": 2,
      "method": 2,
      "rate_type": "flat",
      "is_active": true,
      "base_rate": "300.00",
      "per_kg_rate": "0.00",
      "per_item_rate": "0.00",
      "free_shipping_threshold": "6000.00",
      "conditions": {},
      "created_at": "2023-01-01T00:00:00Z",
      "updated_at": "2023-01-01T00:00:00Z"
    }
  },
  {
    "model": "shipping.shippingrate",
    "pk": 6,
    "fields": {
      "zone": 3,
      "method": 1,
      "rate_type": "flat",
      "is_active": true,
      "base_rate": "150.00",
      "per_kg_rate": "0.00",
      "per_item_rate": "0.00",
      "free_shipping_threshold": "3000.00",
      "conditions": {},
      "created_at": "2023-01-01T00:00:00Z",
      "updated_at": "2023-01-01T00:00:00Z"
    }
  },
  {
    "model": "shipping.shippingrate",
    "pk": 7,
    "fields": {
      "zone": 3,
      "method": 2,
      "rate_type": "flat",
      "is_active": true,
      "base_rate": "300.00",
      "per_kg_rate": "0.00",
      "per_item_rate": "0.00",
      "free_shipping_threshold": "6000.00",
      "conditions": {},
      "created_at": "2023-01-01T00:00:00Z",
      "updated_at": "2023-01-01T00:00:00Z"
    }
  },
  {
    "model": "shipping.shippingrate",
    "pk": 8,
    "fields": {
      "zone": 4,
      "method": 1,
      "rate_type": "flat",
      "is_active": true,
      "base_rate": "200.00",
      "per_kg_rate": "0.00",
      "per_item_rate": "0.00",
      "free_shipping_threshold": "4000.00",
      "conditions": {},
      "created_at": "2023-01-01T00:00:00Z",
      "updated_at": "2023-01-01T00:00:00Z"
    }
  },
  {
    "model": "shipping.shippingrate",
    "pk": 9,
    "fields": {
      "zone": 4,
      "method": 2,
      "rate_type": "flat",
      "is_active": true,
      "base_rate": "350.00",
      "per_kg_rate": "0.00",
      "per_item_rate": "0.00",
      "free_shipping_threshold": "8000.00",
      "conditions": {},
      "created_at": "2023-01-01T00:00:00Z",
      "updated_at": "2023-01-01T00:00:00Z"
    }
  }
] 